<odoo>
    <data noupdate="1">
        <!-- Data for Admission Check List -->
        <record id="pre_operational_checklist_data_01" model="pre.operative.check.list.template">
            <field name="name">Operative Area Prepared ?</field>
        </record>

        <record id="pre_operational_checklist_data_02" model="pre.operative.check.list.template">
            <field name="name">Jewelery, Bangles, etc removed ?</field>
        </record>

        <record id="pre_operational_checklist_data_03" model="pre.operative.check.list.template">
            <field name="name">Voided or Catheterized ?</field>
        </record>

        <record id="pre_operational_checklist_data_04" model="pre.operative.check.list.template">
            <field name="name">Premeditation Given and Charted ?</field>
        </record>

        <record id="pre_operational_checklist_data_05" model="pre.operative.check.list.template">
            <field name="name">All Reports ok?</field>
        </record>

    </data>
</odoo>
