<?xml version="1.0" encoding="UTF-8"?>
<odoo>
    <data noupdate="1">

    	<!-- Product -->
        <record id="hms_hospital_bed_product_0" model="product.product">
            <field name="name">ICU Bed</field>
            <field name="hospital_product_type">bed</field>
            <field name="list_price">3550</field>
        </record>

        <record id="hms_hospital_bed_product_1" model="product.product">
            <field name="name">General Bed</field>
            <field name="hospital_product_type">bed</field>
            <field name="list_price">1550</field>
        </record>

        <record id="hms_hospital_bed_product_2" model="product.product">
            <field name="name">Semi-Special Bed</field>
            <field name="hospital_product_type">bed</field>
            <field name="list_price">4000</field>
        </record>

        <record id="hms_hospital_bed_product_3" model="product.product">
            <field name="name">Deluxe Bed</field>
            <field name="hospital_product_type">bed</field>
            <field name="list_price">4500</field>
        </record>

        <record id="hms_hospital_bed_product_4" model="product.product">
            <field name="name">Suite Bed</field>
            <field name="hospital_product_type">bed</field>
            <field name="list_price">10000</field>
        </record>
        
    </data>
</odoo>