<?xml version="1.0" encoding="UTF-8"?>
<odoo>
    <data noupdate="1">

        <!-- Ward -->
        <record id="hms_hospital_ward_general" model="hospital.ward">
            <field name="name">General</field>
            <field name="ward_room_type">general</field>
            <field name="state">available</field>
            <field name="gender">unisex</field>
        </record>

        <record id="hms_hospital_ward_semi_special" model="hospital.ward">
            <field name="name">Semi-Special</field>
            <field name="ward_room_type">semi_spaecial</field>
            <field name="state">available</field>
            <field name="gender">unisex</field>
            <field name="air_conditioning">True</field>
        </record>

        <record id="hms_hospital_ward_dulexe" model="hospital.ward">
            <field name="name">Deluxe</field>
            <field name="ward_room_type">deluxe</field>
            <field name="state">available</field>
            <field name="gender">unisex</field>
            <field name="air_conditioning">True</field>
            <field name="television">True</field>
            <field name="telephone">True</field>
        </record>

        <record id="hms_hospital_ward_super_deluxe" model="hospital.ward">
            <field name="name">Super Deluxe</field>
            <field name="ward_room_type">super_deluxe</field>
            <field name="state">available</field>
            <field name="gender">unisex</field>
            <field name="air_conditioning">True</field>
            <field name="television">True</field>
            <field name="telephone">True</field>
            <field name="refrigerator">True</field>
        </record>

        <record id="hms_hospital_ward_suite" model="hospital.ward">
            <field name="name">Suite</field>
            <field name="ward_room_type">suite</field>
            <field name="state">available</field>
            <field name="gender">unisex</field>
            <field name="internet">True</field>
            <field name="air_conditioning">True</field>
            <field name="private_bathroom">True</field>
            <field name="television">True</field>
            <field name="telephone">True</field>
            <field name="guest_sofa">True</field>
            <field name="microwave">True</field>
            <field name="bio_hazard">True</field>
            <field name="refrigerator">True</field>
        </record>

        <record id="hms_hospital_ward_icu" model="hospital.ward">
            <field name="name">ICU</field>
            <field name="ward_room_type">icu</field>
            <field name="state">available</field>
            <field name="gender">unisex</field>
            <field name="air_conditioning">True</field>
            <field name="private_bathroom">True</field>
            <field name="telephone">True</field>
            <field name="refrigerator">True</field>
        </record>

    </data>
</odoo>