<?xml version="1.0" encoding="utf-8"?>
<odoo>
   <data noupdate="1">

       <record id="group_certificate_manager" model="res.groups">
            <field name="name">Certificate Management</field>
            <field name="users" eval="[(4, ref('base.user_root')), (4, ref('base.user_admin'))]"/>
        </record>

        <record model="res.users" id="base.user_root">
            <field eval="[(4,ref('acs_certification.group_certificate_manager'))]" name="groups_id"/>
        </record>

        <record model="ir.rule" id="certificate_company_rule">
            <field name="name">Certificate multi-company</field>
            <field name="model_id" ref="model_certificate_management"/>
            <field name="domain_force">['|',('company_id','=',False),('company_id', 'in', company_ids)]</field>
        </record>

    </data>
</odoo>
