<?xml version="1.0" encoding="UTF-8"?>
<odoo>
    <data noupdate="1">
        <!-- Insurance Company-->
        <record id="hms_insurance_company_0" model="hms.insurance.company">
            <field name="name">Bajaj Insurance</field>
        </record>
 
        <record id="hms_insurance_company_1" model="hms.insurance.company">
            <field name="name">National Insurance</field>
        </record>

        <record id="hms_insurance_company_2" model="hms.insurance.company">
            <field name="name">Reliance Insurance</field>
        </record>

        <!-- Patient Insurance -->
        <record id="hms_patient_insurance_0" model="hms.patient.insurance">
            <field name="patient_id" ref="acs_hms.hmshms_patient_0"/>
            <field name="insurance_company_id" ref="hms_insurance_company_0"/>
            <field name="policy_number">AJ0215851296</field>
            <field name="insured_value">500000.00</field>
            <field name="validity">2026-09-22</field>
            <field name="active">True</field>
        </record>

        <record id="hms_patient_insurance_1" model="hms.patient.insurance">
            <field name="patient_id" ref="acs_hms.hmshms_patient_2"/>
            <field name="insurance_company_id" ref="hms_insurance_company_1"/>
            <field name="policy_number">KY0215851852</field>
            <field name="insured_value">100000.00</field>
            <field name="validity">2026-09-22</field>
            <field name="active">True</field>
        </record>

        <record id="hms_patient_insurance_2" model="hms.patient.insurance">
            <field name="patient_id" ref="acs_hms.hmshms_patient_3"/>
            <field name="insurance_company_id" ref="hms_insurance_company_0"/>
            <field name="policy_number">LP0215851741</field>
            <field name="insured_value">1000000.00</field>
            <field name="validity">09/22/2020</field>
            <field name="validity">2025-09-22</field>
            <field name="active">True</field>
        </record>

        <record id="hms_patient_insurance_3" model="hms.patient.insurance">
            <field name="patient_id" ref="acs_hms.hmshms_patient_1"/>
            <field name="insurance_company_id" ref="hms_insurance_company_0"/>
            <field name="policy_number">IJ0415851285</field>
            <field name="insured_value">200000.00</field>
            <field name="validity">2025-08-12</field>
            <field name="active">True</field>
        </record>

        <record id="hms_patient_insurance_4" model="hms.patient.insurance">
            <field name="patient_id" ref="acs_hms.hmshms_patient_4"/>
            <field name="insurance_company_id" ref="hms_insurance_company_2"/>
            <field name="policy_number">RLY096321296</field>
            <field name="insured_value">350000.00</field>
            <field name="validity">2025-08-12</field>
            <field name="active">True</field>
        </record>
    </data>
</odoo>