id,name,model_id:id,group_id:id,perm_read,perm_write,perm_create,perm_unlink
access_hms_laboratory_request_line_receptionist,ACS Patient Laboratory Request line,acs_laboratory.model_laboratory_request_line,acs_hms.group_hms_receptionist,1,1,1,1
access_hms_acs_laboratory_request_receptionist,Patient Lab Request Recep,acs_laboratory.model_acs_laboratory_request,acs_hms.group_hms_receptionist,1,1,1,0
,,,,,,,
access_patient_laboratory_test_jr_doctor,Patient Lab Test phy,acs_laboratory.model_patient_laboratory_test,acs_hms.group_hms_jr_doctor,1,1,1,0
access_hms_patient_laboratory_test_jr_doctor,ACS Laboratory phy,acs_laboratory.model_acs_lab_test,acs_hms.group_hms_jr_doctor,1,1,1,0
access_hms_lab_test_critearea_jr_doctor,ACS Test Criteria phy,acs_laboratory.model_lab_test_critearea,acs_hms.group_hms_jr_doctor,1,1,1,0