<?xml version="1.0" encoding="utf-8"?>
<odoo>

    <data noupdate="1">

        <!-- Lab Req Rules-->
        <record id="acs_laboratory.all_hms_laboratory_request_rule" model="ir.rule">
            <field name="groups" eval="[(4, ref('acs_hms.group_hms_jr_doctor'))]"/>
        </record>

        <!-- Lab Result Rules-->
        <record id="acs_laboratory.all_patient_laboratory_test_rule" model="ir.rule">
            <field name="groups" eval="[(4, ref('acs_hms.group_hms_jr_doctor'))]"/>
        </record>

    </data>
</odoo>
