<?xml version="1.0" encoding="utf-8"?>
<odoo>
    <data noupdate="1">

        <!-- Sequences for Commission -->
        <record id="seq_acs_commission" model="ir.sequence">
            <field name="name">ACS HMS Commission</field>
            <field name="code">acs.commission</field>
            <field name="prefix">COMM</field>
            <field name="padding">3</field>
            <field name="company_id" eval="False"/>
        </record>

        <record id="seq_acs_commission_sheet" model="ir.sequence">
            <field name="name">Commission Summary Sheet</field>
            <field name="code">acs.commission.sheet</field>
            <field name="prefix">CS</field>
            <field name="padding">3</field>
        </record>

        <record id="acs_commission_product" model="product.product">
            <field name="name">Commission</field>
            <field name="type">service</field>
            <field name="list_price">0.0</field>
            <field name="standard_price">0.0</field>
        </record>

        <!-- Company Data -->
        <record id="base.main_company" model="res.company" >
            <field name="commission_product_id" ref="acs_commission_product"/>
        </record>

    </data>
</odoo>
