<?xml version="1.0" encoding="utf-8"?>
<odoo>
    <!-- Check with this ID -->
    <!-- <record model="ir.module.category" id="base.module_category_medical_medical"> -->
    <record model="ir.module.category" id="module_category_medical">
        <field name="name">Medical</field>
        <field name="sequence">30</field>
        <field name="description">Hospital Management System Realted Modules.</field>
    </record>

    <record id="ir_cron_update_access_data" model="ir.cron">
        <field name="name">Data/Access Updates</field>
        <field eval="True" name="active"/>
        <field name="interval_number">1</field>
        <field name="interval_type">days</field>
        <field name="numbercall">-1</field>
        <field ref="base.model_res_company" name="model_id"/>
        <field name="state">code</field>
        <field eval="'model.acs_update_access_data()'" name="code"/>
    </record>

    <record id="acs_access_expired" model="ir.config_parameter">
        <field name="key">acs.access.expired</field>
        <field name="value">False</field>
    </record>

    <record id="acs_access_message" model="ir.config_parameter">
        <field name="key">acs.access.message</field>
        <field name="value">Your Access is Expired please renew your access first.</field>
    </record>

</odoo>
