<?xml version="1.0" encoding="utf-8"?>
<odoo>
    <data noupdate="0">

        <record id="acs_hms.model_acs_patient_evaluation" model="ir.model">
            <field name="website_form_key">create_acs_patient_evaluation</field>
            <field name="website_form_access">True</field>
            <field name="website_form_label">Create Patient Evaluation</field>
        </record>

        <function model="ir.model.fields" name="formbuilder_whitelist">
            <value>acs.patient.evaluation</value>
            <value eval="[
                'patient_id',
                'date',
                'weight',
                'height',
                'temp',
                'hr',
                'rr',
                'systolic_bp',
                'diastolic_bp',
                'spo2',
                'rbs'
            ]"/>
        </function>
    </data>
</odoo>