<?xml version="1.0" encoding="utf-8"?>
<odoo>
    <data noupdate="0">

        <record id="group_hms_insurance_officer" model="res.groups">
            <field name="name">Insurance Officer</field>
            <field name="category_id" ref="acs_hms_base.module_category_hms_department"/>
            <field name="implied_ids" eval="[(4, ref('acs_hms_base.group_hms_user'))]"/>
            <field name="users" eval="[(4, ref('base.user_root')), (4, ref('base.user_admin'))]"/>
        </record>

    </data>
    <data noupdate="1">

        <record id="patient_insurance_company_rule" model="ir.rule">
            <field name="name">Patient Insurance multi-company</field>
            <field name="model_id" ref="model_hms_patient_insurance"/>
            <field name="domain_force">['|',('company_id','=',False),('company_id', 'in', company_ids)]</field>
        </record>

        <record id="patient_insurance_claim_company_rule" model="ir.rule">
            <field name="name">Patient Insurance Claim multi-company</field>
            <field name="model_id" ref="model_hms_insurance_claim"/>
            <field name="domain_force">['|',('company_id','=',False),('company_id', 'in', company_ids)]</field>
        </record>

        <record id="patient_insurance_claim_portal_rule" model="ir.rule">
            <field name="name">Portal Patient's Own Insurance Claim</field>
            <field name="model_id" ref="model_hms_insurance_claim"/>
            <field name="domain_force">[('patient_id.partner_id','=',user.commercial_partner_id.id)]</field>
            <field name="groups" eval="[(4, ref('base.group_portal'))]"/>
            <field name="perm_unlink" eval="False"/>
            <field name="perm_write" eval="False"/>
            <field name="perm_read" eval="True"/>
            <field name="perm_create" eval="False"/>
        </record>

        <record id="hms_patient_insurance_portal_rule" model="ir.rule">
            <field name="name">Portal Patient's Own Policy</field>
            <field name="model_id" ref="model_hms_patient_insurance"/>
            <field name="domain_force">[('patient_id.partner_id','=',user.commercial_partner_id.id)]</field>
            <field name="groups" eval="[(4, ref('base.group_portal'))]"/>
            <field name="perm_unlink" eval="False"/>
            <field name="perm_write" eval="False"/>
            <field name="perm_read" eval="True"/>
            <field name="perm_create" eval="False"/>
        </record>

    </data>
</odoo>

