<?xml version="1.0"?>
<odoo>
    <data noupdate="1">
        <record id="seq_facility_activity" model="ir.sequence">
            <field name="name">Facility Activity</field>
            <field name="code">facility.activity</field>
            <field name="prefix">FA</field>
            <field name="padding">3</field>
        </record>

        <record id="seq_facility_master" model="ir.sequence">
            <field name="name"> Facility</field>
            <field name="code">facility.master</field>
            <field name="prefix">FM</field>
            <field name="padding">3</field>
        </record>

        <record forcecreate="True" id="ir_cron_create_activity" model="ir.cron">
            <field name="name">Create Facility Activities</field>
            <field eval="True" name="active"/>
            <field name="interval_number">1</field>
            <field name="interval_type">days</field>
            <field name="numbercall">-1</field>
            <field name="state">code</field>
            <field name="doall" eval="False"/>
            <field name="model_id" ref="model_facility_master"/>
            <field eval="'model.create_facility_activity()'" name="code"/>
        </record>
     </data>
</odoo>