<?xml version="1.0" encoding="utf-8"?>
<odoo>
    <data noupdate="0">
        <record id="group_hms_dashboard" model="res.groups">
            <field name="name">Display Dashboard</field>
            <field name="category_id" ref="acs_hms_base.module_category_hms_extra"/>
            <field name="implied_ids" eval="[(4, ref('acs_hms_base.group_hms_user'))]"/>
            <field name="users" eval="[(4, ref('base.user_root')), (4, ref('base.user_admin'))]"/>
        </record>
    </data>
</odoo>

