id,name,model_id:id,group_id:id,perm_read,perm_write,perm_create,perm_unlink
access_hms_radiology_request_line_receptionist,ACS Patient Radiology Request line,acs_radiology.model_radiology_request_line,acs_hms.group_hms_receptionist,1,1,1,1
access_hms_acs_radiology_request_receptionist,Patient Radiology Request Recep,acs_radiology.model_acs_radiology_request,acs_hms.group_hms_receptionist,1,1,1,0
,,,,,,,
access_patient_radiology_test_jr_doctor,Patient Radiology Test phy,acs_radiology.model_patient_radiology_test,acs_hms.group_hms_jr_doctor,1,1,1,0
access_hms_patient_radiology_test_jr_doctor,ACS Radiology phy,acs_radiology.model_acs_radiology_test,acs_hms.group_hms_jr_doctor,1,1,1,0