<?xml version="1.0" encoding="utf-8"?>
<odoo>

    <record id="module_category_facility" model="ir.module.category">
        <field name="name">Facility</field>
        <field name="description">Facility Management</field>
        <field name="sequence">11</field>
    </record>

    <record id="group_facility_user" model="res.groups">
        <field name="name">User</field>
        <field name="category_id" ref="module_category_facility"/>
    </record>

    <record id="group_facility_manager" model="res.groups">
        <field name="name">Manager</field>
        <field name="category_id" ref="module_category_facility"/>
        <field name="implied_ids" eval="[(4, ref('facility_management.group_facility_user'))]"/>
        <field name="users" eval="[(4, ref('base.user_root')), (4, ref('base.user_admin'))]"/>
    </record>

</odoo>