<?xml version="1.0" encoding="utf-8"?>
<odoo>
    <data noupdate="1">

        <record id="acs_laboratory_sample_type_blood" model="acs.laboratory.sample.type">
            <field name="name">Blood</field>
            <field name="sequence">1</field>
        </record>

        <record id="acs_laboratory_sample_type_urine" model="acs.laboratory.sample.type">
            <field name="name">Urine</field>
            <field name="sequence">2</field>
        </record>

        <record id="acs_laboratory_sample_type_saliva" model="acs.laboratory.sample.type">
            <field name="name">Saliva</field>
            <field name="sequence">3</field>
        </record>

        <record id="acs_laboratory_sample_type_sputum" model="acs.laboratory.sample.type">
            <field name="name">Sputum</field>
            <field name="sequence">4</field>
        </record>

        <record id="acs_laboratory_sample_type_feces" model="acs.laboratory.sample.type">
            <field name="name">Feces</field>
            <field name="sequence">5</field>
        </record>

        <record id="acs_laboratory_sample_type_semen" model="acs.laboratory.sample.type">
            <field name="name">Semen</field>
            <field name="sequence">6</field>
        </record>

        <record id="acs_laboratory_sample_type_tissue" model="acs.laboratory.sample.type">
            <field name="name">Tissues</field>
            <field name="sequence">7</field>
        </record>

    </data>
</odoo>
