<?xml version="1.0" encoding="utf-8"?>
<odoo>
    <data noupdate="1">

        <record id="acs_lab_uom_00" model="acs.lab.test.uom">
            <field name="name">%</field>
            <field name="code">%</field>
        </record>

        <record id="acs_lab_uom_01" model="acs.lab.test.uom">
            <field name="name">g/dL</field>
            <field name="code">g/dL</field>
        </record>

        <record id="acs_lab_uom_02" model="acs.lab.test.uom">
            <field name="name">g/L</field>
            <field name="code">g/L</field>
        </record>

        <record id="acs_lab_uom_03" model="acs.lab.test.uom">
            <field name="name">Millions/cc</field>
            <field name="code">mcc</field>
        </record>

        <record id="acs_lab_uom_04" model="acs.lab.test.uom">
            <field name="name">fl</field>
            <field name="code">fl</field>
        </record>

        <record id="acs_lab_uom_05" model="acs.lab.test.uom">
            <field name="name">pg</field>
            <field name="code">pg</field>
        </record>

        <record id="acs_lab_uom_06" model="acs.lab.test.uom">
            <field name="name">mmol/L</field>
            <field name="code">mmol/L</field>
        </record>

        <record id="acs_lab_uom_07" model="acs.lab.test.uom">
            <field name="name">mmol/24h</field>
            <field name="code">mmol/24h</field>
        </record>

        <record id="acs_lab_uom_08" model="acs.lab.test.uom">
            <field name="name">10^3/uL</field>
            <field name="code">10^3/uL</field>
        </record>

        <record id="acs_lab_uom_09" model="acs.lab.test.uom">
            <field name="name">10^9/L</field>
            <field name="code">10^9/L</field>
        </record>

        <record id="acs_lab_uom_10" model="acs.lab.test.uom">
            <field name="name">10^6/uL</field>
            <field name="code">10^6/uL</field>
        </record>

        <record id="acs_lab_uom_11" model="acs.lab.test.uom">
            <field name="name">10^12/L</field>
            <field name="code">10^12/L</field>
        </record>

        <record id="acs_lab_uom_12" model="acs.lab.test.uom">
            <field name="name">mm/hr</field>
            <field name="code">mm/hr</field>
        </record>

        <record id="acs_lab_uom_13" model="acs.lab.test.uom">
            <field name="name">mg/dl</field>
            <field name="code">mg/dl</field>
        </record>

        <record id="acs_lab_uom_14" model="acs.lab.test.uom">
            <field name="name">/hpf</field>
            <field name="code">/hpf</field>
        </record>

        <record id="acs_lab_uom_15" model="acs.lab.test.uom">
            <field name="name">IU/l</field>
            <field name="code">IU/l</field>
        </record>

        <record id="acs_lab_uom_16" model="acs.lab.test.uom">
            <field name="name">mIU/l</field>
            <field name="code">mIU/l</field>
        </record>

        <record id="acs_lab_uom_17" model="acs.lab.test.uom">
            <field name="name">ng/ml</field>
            <field name="code">ng/ml</field>
        </record>

        <record id="acs_lab_uom_18" model="acs.lab.test.uom">
            <field name="name">pg/ml</field>
            <field name="code">pg/ml</field>
        </record>

        <record id="acs_lab_uom_19" model="acs.lab.test.uom">
            <field name="name">aTU/ml</field>
            <field name="code">aTU/ml</field>
        </record>

        <record id="acs_lab_uom_20" model="acs.lab.test.uom">
            <field name="name">M/ul</field>
            <field name="code">M/ul</field>
        </record>

    </data>
</odoo>
